"df","sum_of_sq","rss","aic","p","variable","variable_name","a","b","rsq"
1,0.189844248200178,1.05523435553809,-198.669003595322,0.00335672239082532,"bsp0_11","% inwoners in de leeftijd van 0-11 jaar",0.858536779645037,0.0124639893859142,0.137594335888558
1,0.173970754175665,1.0711078495626,-197.892612080328,0.00514922750365004,"bsp0_3","% inwoners in de leeftijd van 0-3 jaar",0.890303532098912,0.0286424786638445,0.124099716925415
1,0.145911768391209,1.09916683534706,-196.547944905264,0.0108996700123607,"bsp4_11","% inwoners in de leeftijd van 4-11 jaar",0.894461415411802,0.0149912161342412,0.100540392316949
1,0.139477459089845,1.10560114464842,-196.24443448006,0.0129341705789478,"b_vzogrn","onderhoud groenvoorziening (% tevreden)",1.16967447015452,-0.00227698255648957,0.0147709487454373
1,0.121957968670141,1.12312063506813,-195.426896575405,0.0205972328946056,"etnmindp","% etnische minderheden",0.991629050610733,0.00461276637128146,0.0332233902880634
1,0.119942606269698,1.12513599746857,-195.333669786811,0.0217293549962064,"ind_vi_c1","VI - C1 - Feitelijke criminaliteit en overlast - Inbraak",0.875852308791267,0.00154441612007449,0.0963333607288554
1,0.114528173813514,1.13055042992475,-195.084033112991,0.0250896151282051,"b_vzhont","ontmoetingsplekken (% voldoende aanwezig)",1.33897753092716,-0.00408985950154639,0.0423835530149021
1,0.109864001074341,1.13521460266393,-194.869944430766,0.0284003074999724,"etnnwp","% niet-westerse allochtonen",0.988229236756548,0.00394065183140993,0.0331904217026905
1,0.106953818512609,1.13812478522566,-194.736810261113,0.0306855753824285,"bsgroen","groene druk",0.899917144724043,0.00333368513329793,0.0649714939728002
1,0.10548258174944,1.13959602198883,-194.669634054018,0.0319106404985965,"bslftgem","gemiddelde leeftijd",1.46690971511765,-0.0111732849219796,0.114646519364716
1,0.104700766157457,1.14037783758081,-194.633971879905,0.0325816296474449,"b_atoesv","toekomstverwachting ontwikkeling stad (% vooruit)",1.29374160249957,-0.00503214013206222,0.0507219188118174
1,0.10440247750894,1.14067612622933,-194.620372017686,0.0328413778484506,"h4ptot","% 1-ouderhuishoudens met kinderen",0.929783543855465,0.0175253963116223,0.0492078589232964
1,0.10222311895372,1.14285548478455,-194.521116392117,0.0348038309201955,"b_vtcult","% ontplooit minimaal 1 keer per kwartaal een culturele activiteit",1.15806119606643,-0.004340955674344,0.0612839859092594
1,0.100622948306741,1.14445565543153,-194.448359445539,0.0363200027762438,"ind_lsi_8","Leefsituatie Index - Domein Gezondheid",3.36269773251472,-0.023296550540949,0.0808165428308115
1,0.0975920983570708,1.1474865053812,-194.310830417149,0.0393779520254131,"b_gbep","belemmering door beperking (schaalscore)",0.876473748224051,0.201756401456853,0.0728811572981775
1,0.0975822809023652,1.1474963228359,-194.310385526984,0.039388270872184,"b_vzhonw","ontmoetingsplekken (% te weinig aanwezig)",0.928896737603761,0.0043836389406867,0.0426605932428062
1,0.0965087464248644,1.1485698573134,-194.261759927791,0.0405333818518355,"b_gwpover","gewicht: overvallen (% komt vaak voor)",0.952764313819371,4.33253802533905e-05,0.0804555188510118
1,0.0949259039207639,1.1501526998175,-194.190148133696,0.0422838674481568,"b_atoeba","toekomstverwachting ontwikkeling buurt (% achteruit)",0.925723330102874,0.00698851808610212,0.0808399712248476
1,0.0930651869246839,1.15201341681358,-194.106090511471,0.0444404666723993,"b_shecht","gehechtheid buurt (% (zeer) gehecht)",1.22601257904786,-0.00295670834469096,0.0783210092890453
1,0.0895299542517749,1.15554864948649,-193.946760242093,0.0488524113747796,"hhallnwp","% huishoudens met niet-westerse allochtone hoofdbewoner",0.994997521092697,0.00416031603896879,0.0248083723853359
1,0.0891866956282645,1.15589190811,-193.93131580551,0.0493039888417071,"b_vztkov","kinderopvang / peuterspeelzaal (% tevreden)",0.90759496324511,0.0018728545078805,0.0488502669832859
1,0.0876341920697412,1.15744441166853,-193.861520336107,0.0514004240101832,"b_fber","% gemeente is bereikbaar voor meldingen en klachten",0.664187277739922,0.00924864001341348,0.123001748046538
1,0.0831141197244993,1.16196448401377,-193.658844507844,0.0580408087923327,"b_freag","% gemeente reageert op meldingen en klachten",0.803280778963802,0.00928362989759836,0.0732293507776184
1,0.0817414672513015,1.16333713648697,-193.59745209641,0.060227483067764,"b_aontsv","oordeel ontwikkeling stad afgelopen jaar (% vooruit)",1.1949251301929,-0.00428705061603042,0.0362870541408723
1,0.0798057697837549,1.16527283395451,-193.511000270836,0.0634565761087319,"bsp65_74","% inwoners in de leeftijd van 65-74 jaar",1.13285135660135,-0.0123658208163818,0.0866759452626241
1,0.0794033530650327,1.16567525067324,-193.4930456285,0.0641500573095298,"bsp55_eo","% inwoners in de leeftijd van 55 jaar en ouder",1.1605842904755,-0.00496027441695167,0.0954116852839816
1,0.0750259917208673,1.1700526120174,-193.29814016882,0.0722213858099383,"bsbsbp","% gescheiden geregistreerde partners",1.04685550492908,-0.0696882468518264,0.00599665421903632
1,0.0702247978684243,1.17485380586984,-193.085199961649,0.0823014486812688,"h5ptot","% overige huishoudens met kinderen",0.949550956798871,0.00258909590515862,0.0411213342983003
1,0.0680087667438456,1.17706983699442,-192.987208980583,0.087440918053468,"b_vthob","% heeft hobby's",1.38893926883621,-0.0039534467260407,0.00751328163056026
1,0.0659864186770363,1.17909218506123,-192.897943366152,0.0924262062529797,"hhallp","% huishoudens met allochtone hoofdbewoner",0.978091781076879,0.00331929516635959,0.0210881014970994
1,0.0659864186770367,1.17909218506123,-192.897943366152,0.0924262062529797,"hhautp","% huishoudens met autochtone hoofdbewoner",1.31002129771284,-0.0033192951663596,0.0210881014970995
1,0.0659472886071812,1.17913131513109,-192.896217691183,0.0925255710177511,"b_atoesa","toekomstverwachting ontwikkeling stad (% achteruit)",0.887854574558594,0.0134524462823069,0.102278305685928
1,0.0657239127063283,1.17935469103194,-192.886367688385,0.0930949637312878,"b_miact","afgelopen jaar actief buurt verbeterd (% ja)",0.810633972888526,0.00562558828068293,0.0892119357349103
1,0.0633408895817966,1.18173771415647,-192.781401661406,0.0994053079824955,"ind_si_c3","SI - C3 - Participatie - Sociale en culturele activiteiten",1.16353230498338,-0.0012941017217172,0.0508730046373134
1,0.0630541804627516,1.18202442327552,-192.76878713135,0.100194531797031,"ind_li_d1","LI - D1 - Bevolking - Samenstelling",1.34279233811676,-0.00309990009582795,0.0506427307267472
1,0.0629970917757432,1.18208151196253,-192.766275728049,0.100352472291406,"b_wpjgd","jeugdcriminaliteit (% komt vaak voor)",0.998850455822056,0.00750712010278149,0.0488742803630034
1,0.0626303283177863,1.18244827542048,-192.750144233264,0.101373479696462,"bsp65_eo","% ouderen",1.1256051616314,-0.00651330647556107,0.0921065111494046
1,0.06089189775932,1.18418670597895,-192.673750191927,0.10636553165793,"b_ghand","% langdurige ziekten, aandoeningen, of handicaps",0.952597900217945,0.00307524034858463,0.0086709873354548
1,0.0603335741694131,1.18474502956886,-192.649238867454,0.108023863626629,"ind_li_a4","LI - A4 - Fysieke woonomgeving - Stedelijkheid",0.890135183547643,0.0013886962984893,0.0484576427450165
1,0.0601063124004722,1.1849722913378,-192.639265009461,0.108706759689388,"ind_si_a2","SI - A2 - Capaciteiten - Goede gezondheid",1.20510664519878,-0.00171151028128858,0.0482751146955758
1,0.0589796900658717,1.1860989136724,-192.589849061358,0.1121609509452,"b_scisol","sociaal isolement (schaalscore)",0.766040722498882,0.191797035992476,0.104847455955544
1,0.0585184355520725,1.1865601681862,-192.569631040823,0.113608872628331,"b_vzoweg","onderhoud wegen (% tevreden)",1.19595363948001,-0.00267196020043518,0.0363379124919517
1,0.05720906723787,1.1878695365004,-192.512280714464,0.117829442754274,"b_aontba","oordeel ontwikkeling buurt afgelopen jaar (% achteruit)",0.96521636670298,0.00402896445331795,0.0556714642799283
1,0.0562567986923104,1.18882180504596,-192.470611048611,0.121004699882103,"ind_lsi_4","Leefsituatie Index - Domein Sport",2.36753503854883,-0.0133429152271264,0.0451833310149278
1,0.0545488846706172,1.19052971906765,-192.395959158395,0.12693316248585,"ind_lsi_6","Leefsituatie Index - Domein Consumptiegoederen",0.346346645269958,0.00685737992136382,0.0438115991286315
1,0.0542814601735757,1.19079714356469,-192.384279893257,0.127889537434832,"b_aevalb","evaluatie buurt (schaalscore)",1.30925331721703,-0.0378331170682922,0.0383765770134713
1,0.0537893963522946,1.19128920738597,-192.362796776946,0.129669738656282,"b_aontsa","oordeel ontwikkeling stad afgelopen jaar (% achteruit)",0.928409738458838,0.0101161836726352,0.0607333144679351
1,0.0536977365295328,1.19138086720874,-192.358795962198,0.130004306969445,"ind_lsi_2","Leefsituatie Index - Domein Vrije tijd",2.0134583958503,-0.00980661796037709,0.0431279891633418
1,0.0534416026853033,1.19163700105297,-192.347617733005,0.130944199262772,"b_ggez","% matig tot slechte gezondheid",0.894110691350888,0.0132694506091389,0.0825063381575939
1,0.0533860314177996,1.19169257232047,-192.345192801143,0.131149092226832,"b_vzhhow","hondenuitlaatstroken (% te weinig aanwezig)",0.930046557011897,0.00232222663653437,0.034636873761892
1,0.0492098256755185,1.19586877806275,-192.163280893383,0.14759445226761,"bsgrijs","grijze druk",1.10349431702194,-0.00299235436979313,0.0861420326175176
1,0.0492057245011006,1.19587287923717,-192.163102562192,0.147611672097959,"b_vzhskw","speelvoorzieningen voor kinderen (% te weinig aanwezig)",1.05336334564023,-0.00120040403703637,0.0180859938264652
1,0.0478105233543193,1.19726808038395,-192.102470556742,0.153600227573358,"h3ptot","% 3 en meer persoonshuishoudens",1.0391104884151,-0.00581476765820072,0.00754379551998216
1,0.0473323218193709,1.1977462819189,-192.081705353377,0.155714077752327,"b_fdoet","% gemeente doet wat ze zegt bij verbeteren l&v",0.892167650442985,0.00786034370511877,0.0448858810802199
,,1.24507860373827,-192.066342866499,,"<none>",,,,
1,0.0460317856077246,1.19904681813054,-192.025273373795,0.161627744976863,"b_vzhspl","speelvoorzieningen kinderen t/m 12 jaar (% voldoende aanwezig)",0.937948711831649,0.00114893971190031,0.0164165528720991
1,0.0457737534901934,1.19930485024808,-192.01408429728,0.162830441100305,"b_spart","sociale participatie (schaalscore)",1.5586966964253,-0.106222671939615,0.0446776351271885
1,0.0456630228671078,1.19941558087116,-192.009283410666,0.163349609813092,"b_wpduau","diefstal uit auto's (% komt vaak voor)",0.994625291628704,0.0101440515034953,0.036001455571833
1,0.0456593491097028,1.19941925462857,-192.009124137186,0.163366866037998,"b_vzofie","onderhoud fietspaden (% tevreden)",1.26093684066259,-0.00337652910173964,0.0323211626520075
1,0.0451614589915619,1.19991714474671,-191.987542931215,0.16572442629656,"ind_lsi_3","Leefsituatie Index - Domein Sociale participatie",2.13081039192808,-0.010966482923208,0.0362719741998357
1,0.0451264910340894,1.19995211270418,-191.986027570507,0.165891422543655,"b_vzhhon","hondenuitlaatstroken / -plaatsen (% voldoende aanwezig)",1.14784711217536,-0.00216783650150215,0.0316374007835091
1,0.0426307429094379,1.20244786082883,-191.877986486093,0.178311187979497,"h2ptot","% tweepersoonshuishoudens",1.21306835175359,-0.00621383981090875,0.0641332930440503
1,0.0421407942620711,1.2029378094762,-191.856802914302,0.180870120739402,"ind_si_a1","SI - A1 - Capaciteiten - Voldoende opleiding",1.14189644890259,-0.00113210750335476,0.0338458906413989
1,0.0421016925179443,1.20297691122032,-191.855112670939,0.181076121870257,"bsp55_64","% inwoners in de leeftijd van 55-64 jaar",1.10921764501494,-0.00722507222009592,0.0368036537829533
1,0.041053060265821,1.20402554347245,-191.809804133381,0.186700858291458,"b_sverh","% verhuizen uit buurt indien mogelijk",0.991335691819347,0.00365398517269432,0.0324154143544151
1,0.0405283197144954,1.20455028402377,-191.787146338024,0.189589653389146,"b_wpgoa","andere vormen van geluidsoverlast (% komt vaak voor)",1.05926938169452,-0.00415403778241347,0.0194655708386478
1,0.040272938165073,1.2048056655732,-191.776122777456,0.191013928416323,"b_vtspor","% sport minimaal 1 keer per week",1.20002781856599,-0.00327376350947321,0.0213513111907056
1,0.0380926704836895,1.20698593325458,-191.682106403594,0.20368351513498,"bsp85_eo","% inwoners in de leeftijd van 85 jaar en ouder",1.05711241710247,-0.0170040590394148,0.0504122968153024
1,0.0380590488581705,1.2070195548801,-191.680657919292,0.203886297889091,"bsbspp","% geregistreerde partners",0.949082546075186,0.0881929297329353,0.0690223685192395
1,0.0366453269272549,1.20843327681101,-191.619788547026,0.212627485154845,"b_vztoud","voorzieningen voor ouderen (% tevreden)",0.954567502079054,0.00181333630053301,0.0231093491667402
1,0.0353168578387659,1.2097617458995,-191.562654693965,0.22123972072347,"b_vztjon","voorzieningen voor jongeren (% tevreden)",1.07117155593538,-0.00172535480463176,0.0113540433329967
1,0.0349915127338427,1.21008709100443,-191.548672047363,0.223410455645462,"b_vztpar","parkeergelegenheid (% tevreden)",0.857112293300624,0.00270068685899608,0.0427976280108605
1,0.0345887280836386,1.21048987565463,-191.531366419579,0.226132509247069,"b_wrleef","leefbaarheid (rapportcijfer)",1.49799197793589,-0.0633848366432441,0.0310628555295534
1,0.034514391991229,1.21056421174704,-191.528173201528,0.226639119725828,"bsp18_24","% inwoners in de leeftijd van 18-24 jaar",1.05730945097256,-0.00346112278530678,0.0117657218406987
1,0.0329155486732711,1.212163055065,-191.459539917261,0.237865935460814,"b_wppark","parkeeroverlast (% komt vaak voor)",1.0476863902835,-0.0014675093632894,0.00872070424249581
1,0.0316995504429023,1.21337905329537,-191.407401541218,0.246847355073389,"ind_vi_d3","VI - D3 - Ervaren criminaliteit en overlast - Geweld",1.12952450810791,-0.000984288636954325,0.0254598788765034
1,0.0305393876148385,1.21453921612343,-191.35770590491,0.255796911933047,"b_wpgov","geluidsoverlast door verkeer (% komt vaak voor)",1.04132961348665,-0.00110218978170061,0.00363942077486494
1,0.0298816178427066,1.21519698589556,-191.329551384302,0.261044634625848,"b_scvrie","% minimaal 1x per week contact met vrienden",1.39558222209804,-0.00534524519480232,0.0467366821354211
1,0.0292364146198267,1.21584218911844,-191.301949551536,0.266319435731577,"b_vhbedr","bedreigende voorvallen (schaalscore)",0.993028303523507,0.0273015140803823,0.0263475259133498
1,0.028737512527431,1.21634109121084,-191.280616529984,0.270487382429961,"b_vzhwiw","winkels (% te weinig aanwezig)",1.00172308275825,0.00117478838504979,0.0237703724464372
1,0.0286419159336548,1.21643668780461,-191.27652982472,0.271295098457514,"ind_li_b1","LI - B1 - Sociaal klimaat - Binding",1.11351507460861,-0.000828322405389197,0.0230041025905186
1,0.028627015850333,1.21645158788794,-191.275892882744,0.271421258335075,"b_scfam","% minimaal 1x per week contact met familie",1.06608473761946,-0.00053847805571078,0.000150884220931793
1,0.0284718461392519,1.21660675759902,-191.269260222247,0.272739371597494,"b_wgover","% ervaart minimaal 1 vorm van geluidsoverlast vaak",1.05594274229074,-0.00121622680258645,0.0069082753389205
1,0.0281390035741358,1.21693960016413,-191.255035867376,0.275593352094361,"b_vztzor","zorgvoorzieningen (% tevreden)",0.950206889598269,0.0010316645612327,0.0147492556601522
1,0.0280797626358498,1.21699884110242,-191.252504555376,0.276105158584114,"b_sverv","% vervelende buurt om in te wonen",1.00703633546628,0.00498223391174442,0.0127538359141012
1,0.0279509021071234,1.21712770163115,-191.246998886396,0.277222483414359,"ind_vi_c2","VI - C2 - Feitelijke criminaliteit en overlast - Diefstal",0.864810460514747,0.0016769714015587,0.022449106444527
1,0.0277314847954968,1.21734711894277,-191.237625447707,0.279137861275743,"b_wromg","woonomgeving (rapportcijfer)",1.3858282652123,-0.0479357384929233,0.024615135970645
1,0.0277065414825737,1.2173720622557,-191.236559984156,0.279356633173057,"b_vzrvrz","buurtvoorzieningen (rapportcijfer)",1.29384997369899,-0.0378609646943711,0.020626525721769
1,0.0273017315978852,1.21777687214038,-191.219271420077,0.282936938929116,"b_wpover","overvallen (% komt vaak voor)",1.01086728574194,0.0050293697435491,0.023240095327424
1,0.0266812312624036,1.21839737247587,-191.192782331117,0.288536083730678,"b_vztspl","speelmogelijkheden voor kinderen (% tevreden)",0.953746468831145,0.00110033535785287,0.0176772611948059
1,0.0259761170227726,1.2191024867155,-191.162697454316,0.295067514063065,"b_arzwol","rapportcijfer Zwolle als geheel",2.12919353785307,-0.142656741303555,0.0169116339769224
1,0.0259078474657559,1.21917075627251,-191.159785543622,0.295709679826555,"b_vtuitg","% gaat minimaal 1 keer per kwartaal uit",1.29415268001108,-0.00354811126866896,0.0344094277947224
1,0.0257016083960979,1.21937699534217,-191.150989790789,0.297660328308268,"b_wpgew","geweldsdelicten (% komt vaak voor)",1.01354126097711,0.00380895076387274,0.0192552689787949
1,0.0255154585072228,1.21956314523105,-191.143052085324,0.299434894320742,"h1ptot","% éénpersoonshuishoudens",1.05292423450643,-0.000923432770436732,0.00653041738076145
1,0.0247273237950505,1.22035127994322,-191.10945827889,0.307098014767596,"b_wpdmot","diefstal van motorvoertuigen (% komt vaak voor)",0.999562775283711,0.0204236504212453,0.0346071612953069
1,0.0237679267393389,1.22131067699893,-191.068593777297,0.316766465641682,"ind_si_c2","SI - C2 - Participatie - Sociale contacten",1.12839179919976,-0.00097021673063954,0.0190894989826161
1,0.0232992442398792,1.22177935949839,-191.048642412503,0.321631743966496,"b_wpgoh","geluidsoverlast door horeca (% komt vaak voor)",1.03600139261516,-0.0039143015769375,0.0194617555787285
1,0.0228008913075879,1.22227771243068,-191.027436399652,0.326911516608458,"b_vzondh","onderhoud fysieke voorzieningen (schaalscore)",1.35108851396954,-0.0536334944210528,0.0136730799496401
1,0.0218302723435522,1.22324833139472,-190.986159236477,0.337523192130965,"b_wpklad","bekladding van muren of gebouwen (% komt vaak voor)",1.0409008070499,-0.00186872543885923,0.0134667932018646
1,0.0217657946188479,1.22331280911942,-190.98341837574,0.338244021483962,"ind_vi_c4","VI - C4 - Feitelijke criminaliteit en overlast - Overlast",0.947273962293057,0.000852356413418419,0.0174814622574811
1,0.0207043604845716,1.2243742432537,-190.938319000483,0.350408811588738,"b_srsfe","sfeer in de buurt (rapportcijfer)",1.3381797330309,-0.0429939604595903,0.0175969901690443
1,0.0203456030876874,1.22473300065058,-190.923084563676,0.354652113699201,"b_vtreli","% woont minimaal 1 keer per maand een religieuze bijeenkomst bij",0.929774852804213,0.00434140599676308,0.0202775762476286
1,0.0202998730625323,1.22477873067574,-190.921142983827,0.355197944951313,"b_vzhouw","voorzieningen voor ouderen (% te weinig aanwezig)",1.0455722757005,-0.000673289191821689,0.00410769326218622
1,0.0197665152231032,1.22531208851517,-190.898503326659,0.361648552499849,"bsvrwpdmn","vrouwen per 1.000 mannen",1.22479967020552,-0.000198178068113017,0.011300192022381
1,0.01956623176644,1.22551237197183,-190.890004358302,0.364111802095727,"ind_si_d3","SI - D3 - Binding - Vertrouwen",1.12993904981008,-0.000994949857575449,0.0157148566425394
1,0.0185533940809544,1.22652520965731,-190.84704615649,0.376926134994793,"b_fraanp","functioneren gemeente bij aanpak leefbaarheid en veiligheid (rapportcijfer)",2.06956378119353,-0.158153013299946,0.0410411685537092
1,0.0182626385479718,1.2268159651903,-190.834720689538,0.380719354016091,"b_vzhwin","winkels (% voldoende aanwezig)",1.10646242423414,-0.00106698739966297,0.0168171039869807
1,0.018231666182017,1.22684693755625,-190.8334079069,0.381126539732602,"b_fbetrl","% gemeente betrekt de buurt bij de aanpak van l&v",0.95040286656694,0.00231837314978791,0.0167578854665599
1,0.0181220290889679,1.2269565746493,-190.828761138066,0.382572788739329,"b_wphard","te hard rijden (% komt vaak voor)",0.920155778958659,0.00277191501347585,0.0321166076689283
1,0.018058507283728,1.22702009645454,-190.826069071828,0.383414219566609,"b_vzhoud","voorzieningen voor ouderen (% voldoende aanwezig)",0.982898998442379,0.000605124049113148,0.00326826138184213
1,0.0178941730233109,1.22718443071496,-190.819105201083,0.38560306609878,"b_vzolic","onderhoud straatverlichting (% tevreden)",1.15086951269238,-0.0017384244614828,0.00981894809320893
1,0.0176817120820039,1.22739689165626,-190.810103283831,0.388458938737297,"bspvrw","% vrouwen op 1 januari",1.4284185900291,-0.00805058045163791,0.011201718241494
1,0.0176817120820034,1.22739689165627,-190.810103283831,0.388458938737306,"bspman","% mannen op 1 januari",0.623360544865312,0.00805058045163788,0.011201718241494
1,0.0171568467938128,1.22792175694446,-190.787871549944,0.395642930644384,"b_vztbs","basisscholen (% tevreden)",1.00116072324065,0.000315858893482745,0.001712362088302
1,0.0170992867081023,1.22797931703017,-190.785434053997,0.396442177998714,"ind_li_b4","LI - B4 - Sociaal klimaat - Onderlinge spanningen",1.09647323315328,-0.000662940227072453,0.0137334997619931
1,0.0162330248070077,1.22884557893126,-190.7487642687,0.408754167997136,"b_faandl","% gemeente heeft aandacht voor verbeteren l&v in de buurt",0.963934134563383,0.00145683843520974,0.00574973390179204
1,0.0161371229636951,1.22894148077457,-190.74470623134,0.410150863814233,"b_spret","buurt prettig om in te wonen (% (zeer) prettig)",1.28675176212718,-0.0028369435117245,0.0187024399905717
1,0.0160018617523825,1.22907674198589,-190.738983260754,0.412132557339446,"b_wpdron","overlast van dronken mensen op straat (% komt vaak voor)",1.0327115399605,-0.00126197834824957,0.00512648198830144
1,0.0153148781025441,1.22976372563572,-190.709926352677,0.422416136085788,"b_faanp","aanpak leefbaarheid en veiligheid door gemeente (schaalscore)",0.817120364679043,0.0375064874910404,0.00263345823808265
1,0.0152106721208853,1.22986793161738,-190.705520236799,0.4240088403419,"b_wpbedr","bedreiging (% komt vaak voor)",1.01374593090912,0.00644738438297043,0.00883082809343224
1,0.0143970166267369,1.23068158711153,-190.671129474154,0.436757524376759,"ind_si_b3","SI - B3 - Leefomgeving - Leefbaarheid",1.08698738467712,-0.000573765759650896,0.0115631387315714
1,0.0142685999492127,1.23081000378906,-190.665703766211,0.438821975732189,"b_fbetrv","gemeente betrekt bewoners bij buurtveranderingen (% ja)",1.00498440945232,0.000374118627400341,0.000540756884505407
1,0.0142353552298224,1.23084324850845,-190.664299242315,0.439358825307383,"etnoval2p","% overige allochtonen",0.973742988466543,0.00570387511512427,0.0107778478051647
1,0.0139997340547209,1.23107886968355,-190.654345798986,0.443192413031571,"ind_vi_d1","VI - D1 - Ervaren criminaliteit en overlast - Inbraak ",0.965931101983148,0.00061889061437001,0.0112440564095211
1,0.0134867733081063,1.23159183043016,-190.632683171328,0.451716857642979,"bsp75_84","% inwoners in de leeftijd van 75-84 jaar",1.0843592199656,-0.0127116343568857,0.0529729841250357
1,0.0134132866442052,1.23166531709406,-190.629580526095,0.452958673827696,"b_wrwon","eigen woning (rapportcijfer)",0.864667900942419,0.0200474663574712,0.00206389512740397
1,0.0130241737153376,1.23205443002293,-190.613155060095,0.459623163449612,"b_vzhpar","parkeerruimte / -gelegenheid (% voldoende aanwezig)",0.945106781519613,0.00105765160005876,0.00611404256294156
1,0.0129731068553511,1.23210549688292,-190.610999780569,0.460509132396113,"bsp25_39","% inwoners in de leeftijd van 25-39 jaar",0.974404881442385,0.00222657822275081,0.0164247897923095
1,0.0129411538553852,1.23213744988288,-190.609651247949,0.461064850812454,"ind_li_a2","LI - A2 - Fysieke woonomgeving - Openbare ruimte",0.926849494333432,0.00102848973214995,0.0103938448677298
1,0.0126267467405599,1.23245185699771,-190.596383990793,0.466589570492044,"ind_vi_c5","VI - C5 - Feitelijke criminaliteit en overlast - Vandalisme",0.946843109025592,0.000830559606193437,0.0101413249755068
1,0.011937339426872,1.2331412643114,-190.567304431042,0.479077923523826,"bsp12_17","% inwoners in de leeftijd van 12-17 jaar",0.986312946095758,0.00542286204413094,0.0086225834497431
1,0.011402532242673,1.2336760714956,-190.544757180696,0.489141446365034,"ind_si_c1","SI - C1 - Participatie - Werk",0.96111513948844,0.000682987664954384,0.00915808223548112
1,0.0113768714001268,1.23370173233814,-190.543675575917,0.489632980141641,"b_vzhpaw","parkeerruimte (% te weinig aanwezig)",1.04784278362434,-0.000971799698968721,0.00526621843298802
1,0.0112358528438607,1.23384275089441,-190.537732043808,0.492348775309546,"ind_vi_a3","VI - A3 - Leefklimaat - Sociale samenhang",1.08251185095662,-0.00052129237874186,0.00902421165228112
1,0.0106935072555647,1.2343850964827,-190.514880044082,0.503030445188845,"ind_vi_a4","VI - A4 - Leefklimaat - Bewonersinzet",0.959684152760345,0.000704871502576215,0.0085886202071565
1,0.0106912121784455,1.23438739155982,-190.514783361208,0.503076470389278,"b_vhrbrt","veiligheid buurt (rapportcijfer)",1.22510113194796,-0.0280272403214578,0.00834340933370861
1,0.0103792368315323,1.23469936690674,-190.501642698515,0.509399794294654,"b_vzhhf","hoeveelheid fysieke voorzieningen (schaalscore)",1.34530599479933,-0.0517721153288006,0.0151038914187912
1,0.00971649923702911,1.23536210450124,-190.473738651478,0.5232942702721,"b_wpfiet","fietsendiefstal (% komt vaak voor)",1.0274012588612,-0.000544221336145613,0.000988272240783147
1,0.00921119537511061,1.23586740836316,-190.452473284543,0.534340463932285,"b_srmens","mensen in de buurt (rapportcijfer)",1.2275448294477,-0.0278180092901912,0.00623463315956282
1,0.00908325325151038,1.23599535048676,-190.447090307346,0.537203489907844,"b_vzospl","onderhoud speelplekken (% tevreden)",0.900840897633283,0.00212978603817698,0.028814131822988
1,0.00874066392016126,1.23633793981811,-190.43267910687,0.545008135592283,"ind_vi_d2","VI - D2 - Ervaren criminaliteit en overlast - Diefstal",1.08071482419483,-0.000508882170237373,0.00702017036829474
1,0.00848453211672506,1.23659407162154,-190.421907396395,0.550979961298333,"ind_li_c1","LI - C1 - Buurtproblemen - Overlast",0.981368685087632,0.000488703589152191,0.00681445500007049
1,0.00773160235042769,1.23734700138784,-190.390255592329,0.569265673780622,"b_vztwin","winkels voor dagelijkse boodschappen (% tevreden)",1.07158877242198,-0.000614961340807821,0.00698694071928348
1,0.00752385104584485,1.23755475269242,-190.381525493976,0.574517194789309,"b_svant","% voelt zich medeverantwoordelijk voor leefbaarheid in buurt",0.952181549665262,0.000884292549673064,0.00180978241050283
1,0.00749330060631426,1.23758530313195,-190.380241830976,0.575297422217718,"b_wpzwer","overlast van zwervers (% komt vaak voor)",1.02631122294091,-0.00105613755518754,0.00118756562766925
1,0.00745692310318513,1.23762168063508,-190.37871336877,0.576229180381879,"b_wppoep","hondenpoep op straat (% komt vaak voor)",0.993776897505288,0.00108410433656887,0.00560601341551924
1,0.00698182113471191,1.23809678260356,-190.358755281426,0.588678729452622,"bsbswp","% verweduwde personen",1.07317527698582,-0.0113261772842076,0.0358473857809025
1,0.00685499513309029,1.23822360860518,-190.353428868807,0.592093968464882,"ind_lsi_7","Leefsituatie Index - Domein Mobiliteit",0.731066317503379,0.00298106939087639,0.00550567258364946
1,0.00645477131216698,1.2386238324261,-190.336623926747,0.603143297025909,"bsbssp","% gescheiden personen",1.0516932294458,-0.00451619396906969,0.00448083886931022
1,0.00645099684041206,1.23862760689786,-190.336465466828,0.60324954282711,"b_atoebv","toekomstverwachting ontwikkeling buurt (% vooruit)",1.06077089594598,-0.00196315184569562,0.0159840167837532
1,0.00644835217277784,1.23863025156549,-190.336354438647,0.603324009704223,"ind_lsi_5","Leefsituatie Index - Domein Vakantie",1.34943107484946,-0.00320387015678131,0.00517907235207241
1,0.00627048982308809,1.23880811391518,-190.328887982707,0.608376992956963,"b_vzhspw","sportvoorzieningen (% te weinig aanwezig)",1.02105781881854,7.37360662352637e-05,3.632287814525e-05
1,0.0061960636309526,1.23888254010732,-190.325763975289,0.610518139951287,"b_vzhspo","sportvoorzieningen (% voldoende aanwezig)",1.03345319798812,-0.000136867228605187,0.000122991219083999
1,0.00614718613696152,1.23893141760131,-190.323712465586,0.61193306187071,"ind_li_d2","LI - D2 - Bevolking - Sociaal-economisch",0.975867996211454,0.000534279402268343,0.00493718719324628
1,0.00584014247401865,1.23923846126425,-190.310826932039,0.620986079933078,"b_vzhmeu","straatmeubilair (% voldoende aanwezig)",1.08505590270724,-0.001003928173908,0.00385318081103272
1,0.00582130503608336,1.23925729870219,-190.310036495526,0.621551016959446,"b_vzhmew","straatmeubilair (% te weinig aanwezig)",0.985396140207594,0.00099365379549313,0.00379893678293158
1,0.00567259128736342,1.23940601245091,-190.303796749363,0.626051132950348,"b_wpgob","geluidsoverlast door buren (incl. huisdieren) (% komt vaak voor)",1.0055671471156,0.00171111687129187,0.00562651226843522
1,0.00563029718499819,1.23944830655327,-190.302022305979,0.627344216370523,"ind_si_c4","SI - C4 - Participatie - Maatschappelijke inzet",0.981545886191677,0.00046975375310523,0.00452204155472071
1,0.00527509382744884,1.23980350991082,-190.287122186034,0.638446756519345,"ind_vi_d5","VI - D5 - Ervaren criminaliteit en overlast - Vandalisme",0.987975876294491,0.000409609932404992,0.00423675566475139
1,0.0048646725907342,1.24021393114753,-190.269911093765,0.651855961657967,"b_vztver","openbaar vervoer (% tevreden)",1.03614454894741,-0.000200792085726901,0.000882875674332001
1,0.00470202457229418,1.24037657916597,-190.26309199409,0.657357752230454,"b_vhonv","% voelt zich weleens onveilig in eigen buurt",1.00178462617869,0.00114066112448931,0.00427858830136436
1,0.00446063195414714,1.24061797178412,-190.252973135765,0.665736139486073,"b_wsover","sociale overlast (schaalscore)",1.02892916164263,-0.00388655526769146,0.000684649108086726
1,0.00372500819034771,1.24135359554792,-190.22214890124,0.6930475249041,"b_finf","% gemeente informeert de buurt over de aanpak l&v",0.98249011054147,0.00108206824847554,0.00428250926715457
1,0.00372009647695637,1.24135850726131,-190.221943151169,0.693239962916446,"b_scontr","% sociale controle",1.4531718145768,-0.00456430385286221,0.0127620411485949
1,0.00358866498052235,1.24148993875775,-190.216437830994,0.698444623358087,"b_wpomw","overlast door omwonenden (% komt vaak voor)",1.01431480741565,0.00112407622644523,0.00210565148008852
1,0.00344999974797799,1.24162860399029,-190.210630140402,0.704055541668037,"ind_vi_a2","VI - A2 - Leefklimaat - Verzorgde leefomgeving ",1.06714425511985,-0.000390912113440056,0.00277090919209404
1,0.00340292955917243,1.2416756741791,-190.208658855739,0.705989375342581,"ind_li_a1","LI - A1 - Fysieke woonomgeving - Woningen",1.05982544292273,-0.00030230815671428,0.00273310419836566
1,0.00333541521556979,1.2417431885227,-190.20583150678,0.708789903095913,"b_vhverm","vermogensdelicten (schaalscore)",0.970582598260507,0.0202892071254056,0.0112565373404677
1,0.00328214793277048,1.2417964558055,-190.20360090119,0.711022257431639,"ind_si_d1","SI - D1 - Binding - Stabiele bevolking",1.06047795194492,-0.000313212730401575,0.00263609696842909
1,0.00328214793277048,1.2417964558055,-190.20360090119,0.711022257431639,"ind_li_b5","LI - B5 - Sociaal klimaat - Stabiliteit omgeving",1.06047795194492,-0.000313212730401575,0.00263609696842909
1,0.0031387303456909,1.24193987339258,-190.197595662672,0.717136617082994,"b_miinzb","inzet voor buurt (schaalscore)",0.96740893906649,0.0155829685408569,0.00581794459924746
1,0.00310289091103177,1.24197571282724,-190.196095087844,0.718689082711067,"b_wpagr","agressief verkeersgedrag (% komt vaak voor)",1.01627359825552,0.000536019192700652,0.000678093405048027
1,0.0030513496669935,1.24202725407128,-190.193937163939,0.720939510920432,"b_wptas","tasjesroof (% komt vaak voor)",1.01716967832642,0.0116411898922827,0.00419863134452483
1,0.00297643575457363,1.2421021679837,-190.190800835041,0.724248873027253,"hhallwp","% huishoudens met westerse allochtone hoofdbewoner",1.00339543692479,0.00281488707663171,0.00109811426004799
1,0.00276502701543135,1.24231357672284,-190.181951064639,0.733847448976711,"b_vztsc","sociaal-culturele voorzieningen (% tevreden)",1.0385742363653,-0.000333138164074712,0.000623824475483446
1,0.00265001899669648,1.24242858474157,-190.177137352318,0.739241431729723,"b_scoh","sociale cohesie (schaalscore)",1.06345474635969,-0.0067609157310624,0.00119588851846173
1,0.0025954080607955,1.24248319567747,-190.174851743074,0.741848186601052,"ind_vi_c3","VI - C3 - Feitelijke criminaliteit en overlast - Geweld",0.984308649341116,0.000455667566791095,0.00208453350093966
1,0.00257078959350521,1.24250781414476,-190.173821429247,0.743033221485188,"bsp20_34","% inwoners in de leeftijd van 20-34 jaar",1.02141440014642,4.45615478802888e-05,1.0576402181816e-05
1,0.00249053216289541,1.24258807157537,-190.170462696558,0.746940595768535,"b_sceenz","% voelt zich eenzaam",1.02498291486626,-0.00114704972945753,0.000124155031066876
1,0.002477468784847,1.24260113495342,-190.169916021354,0.747583126567216,"bsbshp","% gehuwden",1.02891142677313,-0.000177683107975924,0.000146448945417683
1,0.00237732858386153,1.24270127515441,-190.165725553077,0.752571695576517,"ind_si_d2","SI - D2 - Binding - Betrokkenheid",1.05213311067823,-0.00022294205905327,0.00190938032082772
1,0.00224307622984998,1.24283552750842,-190.160108156941,0.75944385601692,"etnwp","% westerse allochtonen",0.994763856104083,0.00423447395376504,0.0028347338251015
1,0.00211580400194733,1.24296279973632,-190.154783383983,0.766169155501488,"b_oopll","% laag opgeleiden",1.04335412032028,-0.00099347522596595,0.00228061083312077
1,0.00203557383155317,1.24304302990672,-190.151427021087,0.77052221592549,"ind_lsi","Leefsituatie Index",1.14973516352708,-0.00120329410170695,0.00163489584146849
1,0.00201548141661001,1.24306312232166,-190.150586505427,0.771626863220242,"bsp40_54","% inwoners in de leeftijd van 40-54 jaar",0.931672378732491,0.00438672747217986,0.0115302613759854
1,0.00187368420820899,1.24320491953006,-190.144655161967,0.779597698326127,"b_mimant","% verleent mantelzorg",0.939042423544589,0.00199659178496918,0.00472219838608894
1,0.00182817806712898,1.24325042567114,-190.142751794315,0.782224231046464,"ind_si_b2","SI - B2 - Leefomgeving - Voorzieningen",1.0141565918989,0.000171234073197248,0.00146832341479492
1,0.00178100978729101,1.24329759395098,-190.140778978562,0.784984033854488,"b_vzhliw","straatverlichting (% te weinig aanwezig)",1.03250182025585,-0.000643723424567642,0.00129371210545562
1,0.00156367261485535,1.24351493112341,-190.131689806876,0.79823618346158,"ind_li_c2","LI - C2 - Buurtproblemen - Criminaliteit",1.05265588198248,-0.000231995257891746,0.00125588264882276
1,0.00145995044444325,1.24361865329383,-190.127352643084,0.804907007459921,"b_wplast","mensen die op straat worden lastiggevallen (% komt vaak voor)",1.01703269408193,0.00383219593446066,0.00317817962912609
1,0.00145448049944452,1.24362412323882,-190.127123926255,0.805265675603671,"ind_li_b2","LI - B2 - Sociaal klimaat - Actieve inzet",1.01126630000612,0.00017152607876882,0.00116818367537401
1,0.00144399761043101,1.24363460612784,-190.12668560416,0.805955047507425,"b_vzhjon","voorzieningen voor jongeren in openbare ruimte (% voldoende aanwezig)",1.09161724204883,-0.00102201334111932,0.00936743113122284
1,0.00132925632064773,1.24374934741762,-190.121888156573,0.813680615625523,"ind_vi_b2","VI - B2 - Functioneren professionals - Politie",1.01021166171266,0.000187414379827239,0.00106760835553416
1,0.00127981125872068,1.24379879247955,-190.119820945749,0.817118040545936,"ind_si_b4","SI - B4 - Leefomgeving - Veiligheid",1.0479975236627,-0.000186612520626763,0.00102789595361938
1,0.00127875062252225,1.24379985311575,-190.11977660332,0.817192534991045,"b_vzhjow","voorzieningen voor jongeren (% te weinig aanwezig)",0.991955356996913,0.000963091219843033,0.00849088257661669
1,0.001172909236407,1.24390569450186,-190.115351841646,0.824796791084779,"b_wprom","rommel op straat (% komt vaak voor)",1.00827985413003,0.000487545321530932,0.00255723033652433
1,0.00116271262419843,1.24391589111407,-190.114925586132,0.825548057251076,"b_vzhlic","straatverlichting (% voldoende aanwezig)",1.04371392715935,-0.000258832468598642,0.000180283744510228
1,0.00100388294268305,1.24407472079559,-190.108286378242,0.837727487148198,"b_wpinbr","inbraak in woningen (% komt vaak voor)",1.02803961293678,-0.000549181024153962,0.000755037341324079
1,0.000987965530642843,1.24409063820763,-190.107621064401,0.839001873732912,"b_wvover","verkeersoverlast (schaalscore)",1.00517972148324,0.00431386392210364,0.000404369596937776
1,0.000868242233824645,1.24421036150444,-190.102617158973,0.848950164032331,"b_vztgrn","groenvoorziening (% tevreden)",1.10545541047047,-0.00111704525136659,0.00578174755722265
1,0.000859102378317322,1.24421950135995,-190.102235173133,0.849738062721642,"b_owerk","% betaald werk (meer dan 12 uur)",1.10213820052456,-0.00104260391290625,0.00201161833414019
1,0.000816532409671611,1.2442620713286,-190.100456065428,0.853466238304254,"ind_vi_d4","VI - D4 - Ervaren criminaliteit en overlast - Overlast",1.01433063056406,0.000151648090829504,0.000655807920254948
1,0.000729249596216341,1.24434935414205,-190.096808484086,0.861437932711858,"abptot","% WWB aan personen tot de AOW-leeftijd",1.01447956641442,0.00225284371902982,0.00172096936982395
1,0.000641879426164893,1.2444367243121,-190.093157508308,0.869926561891182,"ind_vi_b1","VI - B1 - Functioneren professionals - Gemeente ",1.01637222869626,0.000128240152481702,0.00051553325568171
1,0.000508718330100688,1.24456988540817,-190.087593539956,0.884098138008135,"b_vzoove","onderhoud overig straatmeubilair (% tevreden)",0.95181646292115,0.00147262076250112,0.00632506496971576
1,0.000490515852388684,1.24458808788588,-190.086833018646,0.88617660081984,"b_oinkl","% lage inkomens",1.01438113544197,0.000606553673568889,0.000856164558350591
1,0.000482854199850058,1.24459574953842,-190.086512908957,0.887063201260906,"b_faandp","aandacht van gemeente voor buurtproblemen (% veel + voldoende)",0.971242325505929,0.00104779201773301,0.00299519438270911
1,0.000383183116322572,1.24469542062195,-190.082348754592,0.899324767704272,"ind_vi_a1","VI - A1 - Leefklimaat - Bevolkingssamenstelling",1.01470475043639,0.000146690285815931,0.000307758172995818
1,0.000316060777421523,1.24476254296085,-190.079544640866,0.908525197853551,"b_wondhw","% in de buurt staan veel slecht onderhouden en/of onbewoonbaar verklaarde woningen",1.02396442322009,-0.000210657942385084,0.000144829203764022
1,0.000279933906777163,1.24479866983149,-190.078035461446,0.913890744307289,"bsbsop","% ongehuwden",0.971221947359636,0.000996598842580401,0.00432412096646018
1,0.00027739150408701,1.24480121223418,-190.077929255673,0.914281193771006,"bsbsaman","achtergebleven geregistreerde partners: man",1.02066028972073,0.0144594338865303,0.000839019337799491
1,0.000273222803557349,1.24480538093471,-190.07775511376,0.914925338448018,"b_vzhzow","zorgvoorzieningen (% te weinig aanwezig)",1.02521699329378,-0.000141971426294659,0.00023927870404652
1,0.000248745284497698,1.24482985845377,-190.076732609763,0.918812165911658,"b_vztlic","straatverlichting (% tevreden)",1.02415727862237,-2.31358154450592e-05,2.86572572108444e-06
1,0.000230200287230531,1.24484840345104,-190.075957939499,0.921887445944788,"b_wpvern","vernieling van straatmeubilair (% komt vaak voor)",1.01865174779777,0.00063459936733389,0.000379671486966432
1,0.000225900512081267,1.24485270322619,-190.075778328937,0.922618147133038,"ind_si_a3","SI - A3 - Capaciteiten - Voldoende inkomen",1.03616730568168,-6.93056994433722e-05,0.000181434739463898
1,0.00019212841034677,1.24488647532792,-190.07436761949,0.928620194896247,"b_wverl","verloedering (schaalscore)",1.01857936646847,0.00100743176242968,4.37658533731122e-05
1,0.000190587296710953,1.24488801644156,-190.074303245861,0.928906309651898,"ind_li_a3","LI - A3 - Fysieke woonomgeving - Voorzieningenniveau",1.03626008997193,-7.3216203254959e-05,0.000153072501719028
1,0.000185735595561454,1.24489286814271,-190.074100586694,0.929814744530928,"b_waand","% gemeente heeft weinig aandacht voor problemen buurt",0.995967757614382,0.000989642935354374,0.00214357862469268
1,0.000152601966325161,1.24492600177194,-190.072716591464,0.936368000319962,"ind_li_b3","LI - B3 - Sociaal klimaat - Informeel bewonerstoezicht",1.03770611428567,-8.56614678438011e-05,0.000122564122350941
1,0.000147148488582882,1.24493145524969,-190.072488802647,0.937513038373824,"b_wpjong","overlast van groepen jongeren (% komt vaak voor)",1.01792663422995,0.000486161662450223,0.000665758483496663
1,0.000116351906030987,1.24496225183224,-190.071202464769,0.944423830500961,"b_miinz","maatschappelijke inzet (schaalscore)",1.06120229778073,-0.0131905664902142,0.00119730726000352
1,0.000108318663632367,1.24497028507464,-190.070866930695,0.946373793400369,"b_orondk","% (zeer) moeilijk rondkomen",1.00402359982022,0.00132188375683223,0.00271026397085605
1,9.8759005088711e-05,1.24497984473318,-190.070467643787,0.948791525968305,"wlptot1","% niet-werkende werkzoekenden",1.00813675807687,0.0018935542856735,0.00217415579458666
1,9.73187745210158e-05,1.24498128496375,-190.070407488639,0.949165796485423,"ind_si_a4","SI - A4 - Capaciteiten - Voldoende taalbeheersing",1.02388536755196,5.46698087878241e-05,7.81627555311731e-05
1,8.72708468344641e-05,1.24499133289143,-190.069987811543,0.951858259449036,"b_vzhzor","zorgvoorzieningen (% voldoende aanwezig)",1.01633005107205,7.65237412559098e-05,6.82290544826389e-05
1,8.63475497114852e-05,1.24499225618856,-190.069949247874,0.952113299806955,"b_vzotro","onderhoud trottoirs (% tevreden)",0.963654617057642,0.00106258293480522,0.00392185385121778
1,5.01546305406997e-05,1.24502844910773,-190.068437588318,0.96349505991979,"b_vzhhs","hoeveelheid sociale voorzieningen (schaalscore)",1.10873895216385,-0.0143529941886588,0.00191954922388537
1,4.54211951523842e-05,1.24503318254312,-190.068239891493,0.965259241673728,"b_wpdrug","drugsoverlast (% komt vaak voor)",1.01831330034897,0.00105946408510174,0.00144294030800639
1,4.52855323327395e-05,1.24503331820594,-190.068234225406,0.96531113005314,"ind_lsi_1","Leefsituatie Index - Domein Wonen",1.0161513231025,0.000131253571474317,3.63716252105254e-05
1,3.14862368095969e-05,1.24504711750146,-190.067657887905,0.97107247372861,"b_vzhgrn","openbaar groen (% voldoende aanwezig)",1.03077199008464,-9.59841439169635e-05,4.47774517498852e-05
1,1.01645668659778e-05,1.2450684391714,-190.066767385588,0.983561660471039,"b_vzhgrw","openbaar groen (% te weinig aanwezig)",1.021581537713,7.09822571637018e-05,2.49858010838249e-05
1,9.0795870304472e-06,1.24506952415124,-190.066722071671,0.98446362336542,"b_mivrij","% actief als vrijwilliger",0.98484208419364,0.00054543030623964,0.00066102290064515
1,3.37576157627417e-06,1.24507522797669,-190.066483853453,0.990526306704722,"ind_si_b1","SI - B1 - Leefomgeving - Woonomgeving en sociaal klimaat",1.02832709948831,9.34426913961862e-06,2.71128390291399e-06
1,2.40851966748501e-06,1.2450761952186,-190.066443457051,0.991997763619621,"b_aontbv","oordeel ontwikkeling buurt afgelopen jaar (% vooruit)",1.01626697995295,0.000393487169811695,0.000722983462860726
1,2.15717428986295e-06,1.24507644656398,-190.066432959734,0.992426796392329,"bsp18_39","% inwoners in de leeftijd van 18-39 jaar",1.00230737650393,0.000636026222064722,0.00252967136050657
1,1.11912083600174e-06,1.24507748461743,-190.066389605965,0.994545203494293,"b_vztbib","bibliotheken (% tevreden)",1.02062434132176,3.45066551843511e-05,3.07411711275576e-05
1,7.70181662890224e-07,1.24507783355661,-190.066375032708,0.995474801083645,"b_wpvau","beschadiging/vernieling aan auto's of diefstal vanaf auto's (% komt vaak voor)",1.01764520589804,0.000837317351755252,0.000672047665045875
